Air Canister,469
Album Cover,467
Aloe Vera,451
AloeVera Seed,596
Arrowleaf Seed,597
Arrowleaf,454
Astrology Email Pt 1,539
Astrology Email Pt 2,540
Astrology Email Pt 3,541
Ballet Email,545
Batteries,527
Binoculars,341
Blackberries,595
Blackberry Seed,598
Blazer,491
Blueberries,445
Blueberry Seed,599
Bone Armor,494
Bone,405
Brain Bite,569
C4 Brick,420
Camouflage Suit,558
Can Opener,432
Canned Food,434
Cat Food,464
Cave Lighting Email,521
Chainsaw,394
Chicory Seed,605
Chicory,465
Circuit Board,416
Climbing Axe,478
Cloth,415
Coins,502
Crafted Arrow,507
Crafted Bow,443
Crafted Club,477
Crafted Spear,474
Creepy Armor,593
Cross,468
Crossbow Bolt,368
Crossbow,365
Crunchie Wunchies,425
Deer Hide Armour,519
Deer Hide,472
Devil's Club,449
DevilsClub Seed,600
Dress,556
Duct Tape,419
Email,614
Email,615
Email,616
Emergency Pack,483
Energy Bar,441
Energy Drink,439
Energy Mix,461
Energy Mix+,462
Feather,479
Firefighter Axe,431
Fireweed Seed,601
Fireweed,453
Fish,436
Flare,440
Flashlight Attachment,378
Flashlight,471
Fly Amanita,400
Gold Mask,435
Golden Armor,572
Golf Ball,524
Golf Email Pt 1,534
Golf Email Pt 2,535
Golf Email Pt 3,536
Golf Email Pt 4,537
GPS Tracker,412
Grenade,381
Guarana Berries,594
Guarana Seed,602
Guest Keycard,567
Guitar,340
Health Mix,455
Health Mix+,456
Holosprings Pamphlet,509
HolovilleNoticeA,562
HolovilleNoticeB,563
HolovilleNoticeC,564
HolovilleNoticeD,565
Hoodie,490
Horsetail Seed,603
Horsetail,450
Hydnum Repandum,399
Katana,367
King Oyster,398
Laser Sight,375
Leaf Armour,473
Leaf,484
Leather Jacket,493
Leather Suit,557
Machete,359
Maintenance Keycard,566
Meat,433
Meds,437
Modern Axe,356
Molotov,388
Money,496
Mr Puffy Will,526
MRE Pack,438
MrPuffy Financials,528
Newspaper Cutout,612
Newspaper Cutout,613
Novel A,423
Novel B,424
Novel C,574
Novel D,575
Numbers Printout,611
Oyster,466
Painting Email,538
Paper Target,518
Pistol Ammo,362
Pistol Rail,376
Plasma Lighter,413
Politician Email Pt 1,542
Politician Email Pt 2,543
Politician Email Pt 3,544
Printed Arrow,618
Printed Flask,426
Printed Grappling Hook,560
Printed Sled,428
Printer Resin,390
Puffy Jacket,500
Putter,525
Ramen Noodles,421
Rebreather,444
Red Mask,391
Repair Tool,422
Revolver,386
Rock,393
Rope,403
RopeGun,522
Salmonberries,447
Salmonberry Seed,604
Scope,377
Severed Arm,480
Severed Head,482
Severed Leg,481
Shiitake,397
Shotgun Buckshot,364
Shotgun Buckshot,371
Shotgun Rail,346
Shotgun Slug,363
Shotgun Slug,372
Shotgun,358
Shovel,485
Silencer,374
Silk Pyjamas,487
Skin Pouch,508
Skull,430
Slingshot,459
Small Rock,476
Snowberries,448
Squeaky Shoes Email Pt 1,546
Squeaky Shoes Email Pt 2,547
Squeaky Shoes Email Pt 3,548
Steak and Bacon Bite,571
Steak Bite,570
Stick,392
Stock Price,617
Stun Baton,396
Stun Gun Ammo,369
Stun Gun Ammo,457
Stun Gun,353
Swim Suit,619
Tarp,504
Tech Armor,554
Tech Mesh,553
Time Bomb,417
Torch,503
Track Suit,555
Turtle Egg,401
Turtle Shell,506
Tuxedo,492
Twinberries,446
VIP Keycard,568
Vodka Bottle,414
Walkie Talkie,486
Watch,410
Wetsuit,499
Wire,418
Yarro Seed,606
Yarrow,452
Zipline Rope,523